Topic,URL,Timestamp
History and Evolution of Mobile Phones,https://www.youtube.com/watch?v=Qtw-0qg6dm4,2025-04-05 17:36:21
Indiaâ€™s Digital Payment Revolution,https://www.youtube.com/watch?v=zkAtVnpBZag,2025-04-05 17:36:29
Elements of UX Design,https://www.garyfox.co/elements-ux-design/,2025-04-05 17:36:35
UI Design Principles,https://www.youtube.com/watch?v=NTmh8l-Xl4c,2025-04-05 17:36:43
Mobile Commerce: Key Elements,https://www.bigcommerce.com/articles/ecommerce/mobile-commerce/,2025-04-05 17:36:49
What Is Digital Marketing?,https://www.youtube.com/watch?v=XDpwDwcXGoU&feature=emb_logo,2025-04-05 17:36:56
Digital Marketing vs Traditional Marketing,https://economictimes.indiatimes.com/jobs/mid-career/digital-marketing-vs-traditional-marketing-whats-the-difference/articleshow/102196585.cms?from=mdr,2025-04-05 17:37:03
Digital Marketing Strategy,https://www.youtube.com/watch?v=P9OLGJV5DHc,2025-04-05 17:37:11
The Impact of Digital Marketing on Consumer Behavior,https://www.linkedin.com/pulse/impact-digital-marketing-consumer-behavior-zainullah-khan-5wnbf,2025-04-05 17:37:17
